Nome,Nome Popular,Cidade,Estado (UF),Fundação,Série A,Série B,Série C,Série D
Grêmio Foot-Ball Porto Alegrense,Grêmio,Porto Alegre,RS,15/09/1903,62,2,0,0
Santos Futebol Clube,Santos,Santos,SP,14/04/1912,61,0,0,0
Cruzeiro Esporte Clube,Cruzeiro,Belo Horizonte,MG,02/01/1921,59,2,0,0
Sociedade Esportiva Palmeiras,Palmeiras,São Paulo ,SP,26/08/1914,58,4,0,0
Clube Atlético Mineiro,Atlético Mineiro,Belo Horizonte,MG,25/03/1908,58,1,0,0
Botafogo de Futebol e Regatas,Botafogo,Rio de Janeiro,RJ,01/07/1894,56,3,0,0
Clube de Regatas do Flamengo,Flamengo,Rio de Janeiro,RJ,15/11/1895,56,0,0,0
Fluminense Football Club,Fluminense,Rio de Janeiro,RJ,21/07/1902,55,1,1,0
Sport Club Internacional,Internacional,Porto Alegre,RS,04/04/1909,55,1,0,0
São Paulo Futebol Clube,São Paulo,São Paulo ,SP,25/01/1930,54,0,0,0
Club de Regatas Vasco da Gama,Vasco da Gama,Rio de Janeiro,RJ,21/08/1898,53,4,0,0
Sport Club Corinthians Paulista,Corinthians,São Paulo ,SP,01/09/1910,53,2,0,0
Esporte Clube Bahia,Bahia,Salvador,BA,,49,10,2,0
Club Athletico Paranaense,Athletico Paranaense,Curitiba,PR,,45,6,0,0
Sport Club do Recife,Sport,Recife,PE,13/05/1905,42,12,0,0
Goiás Esporte Clube,Goiás,Goiânia,GO,,41,10,0,0
Coritiba Foot Ball Club,Coritiba,Curitiba,PR,12/10/1909,40,13,0,0
Esporte Clube Vitória,Vitória,Salvador,BA,13/05/1899,39,11,2,2
Associação Portuguesa de Desportos,Portuguesa,São Paulo ,SP,14/08/1920,35,11,2,2
Clube Náutico Capibaribe,Náutico,Recife,PE,,34,22,3,0
Guarani Futebol Clube,Guarani,Campinas,SP,02/04/1911,29,15,6,0
Paysandu Sport Club,Paysandu,Belém,PA,,27,18,11,0
Ceará Sporting Club,Ceará,Fortaleza,CE,02/06/1914,25,30,0,0
Santa Cruz Futebol Clube,Santa Cruz,Recife,PE,03/02/1914,24,20,7,3
Associação Atlética Ponte Preta,Ponte Preta,Campinas,SP,11/08/1911,24,20,1,0
Fortaleza Esporte Clube,Fortaleza,Fortaleza,CE,18/10/1918,23,18,14,0
Centro Sportivo Alagoano,CSA,Maceió,AL,07/09/1913,19,11,13,5
America Football Club,America-RJ,Rio de Janeiro,RJ,,19,5,11,1
América Futebol Clube,América Mineiro,Belo Horizonte,MG,,17,26,5,0
Figueirense Futebol Clube,Figueirense,Florianópolis,SC,12/06/1921,17,13,9,0
Esporte Clube Juventude,Juventude,Caxias do Sul,RS,,17,13,5,3
Clube do Remo,Remo,Belém,PA,05/02/1905,16,22,7,4
Paraná Clube,Paraná,Curitiba,PR,19/12/1989,16,15,2,0
Nacional Futebol Clube,Nacional-AM,Manaus,AM,13/01/1913,16,6,10,7
América Futebol Clube,América-RN,Natal,RN,,15,24,6,5
Associação Desportiva Ferroviária Vale do Rio Doce,Desportiva Ferroviária,Cariacica,ES ,,15,15,2,2
ABC Futebol Clube,ABC,Natal,RN,26/06/1915,14,21,11,2
Criciúma Esporte Clube,Criciúma,Criciúma,SC,13/05/1947,13,24,5,0
Joinville Esporte Clube,Joinville,Joinville,SC,,12,20,8,4
Sampaio Corrêa Futebol Clube,Sampaio Corrêa,São Luíz,MA,25/03/1923,12,18,12,3
Atlético Clube Goianiense,Atlético Goianiense,Goiânia,GO,02/04/1937,12,17,12,0
Clube Esportivo Sergipe,Sergipe,Aracaju,SE,,12,9,10,7
Rio Branco Atlético Clube,Rio Branco-ES,Vitória,ES,21/06/1913,12,4,5,4
Clube de Regatas Brasil,CRB,Maceió,AL,20/09/1912,11,31,6,0
Red Bull Bragantino,RB Bragantino,Bragança Paulista,SP,,11,15,4,0
Moto Club de São Luís,Moto Club,São Luís,MA,13/09/1937,11,13,9,7
Bangu Atlético Clube,Bangu,Rio de Janeiro,RJ,,11,8,5,3
Campinense Clube,Campinense,Campina Grande,PB,12/04/1915,11,7,9,9
Avaí Futebol CLube,Avaí,Florianópolis,SC,01/09/1923,10,23,4,0
Operário Futebol Clube,Operário-MS,Campo Grande,MS,,10,6,8,1
Vila Nova Futebol Clube,Vila Nova,Goiânia,GO,,9,23,9,0
Treze Futebol Clube,Treze,Campina Grande,PB,07/09/1925,9,9,15,6
Associação Chapecoense de Futebol,Chapecoense,Chapecó,SC,10/05/1973,9,4,9,1
Americano Futebol Clube,Americano,Campos dos Goytacazes,RJ,01/06/1914,8,20,5,1
Associação Desportiva Confiança,Confiança,Aracaju,SE,01/05/1936,8,10,20,2
River Atlético Clube,River,Teresina,PI,01/03/1946,8,10,9,5
Mixto Esporte Clube,Mixto,Cuiabá,MT,,8,6,5,3
Londrina Esporte Clube,Londrina,Londrina,PR,05/04/1956,7,25,3,3
Associação Desportiva São Caetano,São Caetano,São Caetano do SUl,SP,04/12/1989,7,9,2,3
Atlético Rio Negro Clube,Rio Negro-AM,Manaus,AM,13/11/1913,7,8,8,0
Botafogo Futebol Clube,Botafogo-PB,João Pessoa,PB,28/09/1931,7,5,18,1
Esporte Clube Flamengo,Flamengo-PI,Teresina,PI,,7,4,5,2
Associação Atlética Internacional de Limeira,Inter de Limeira,Limeira,SP,05/10/1913,7,4,5,1
Brasília Futebol Clube,Brasília,Brasília,DF,02/06/1975,7,3,3,3
Botafogo Futebol Clube,Botafogo-SP,Ribeirão Preto,SP,12/10/1918,6,16,7,3
Sociedade Esportiva do Gama,Gama,Gama,DF,15/11/1975,6,10,5,4
Ferroviário Atlético Clube,Ferroviário-CE,Fortaleza,CE,09/05/1933,6,7,15,2
Grêmio de Esportes Maringá,Grêmio Maringá,Maringá,PR,,6,7,4,0
Uberaba Sport Club,Uberaba,Uberaba,MG,,6,5,3,2
Goytacaz Futebol Clube,Goytacaz,Campos dos Goytacazes,RJ,,6,5,1,0
Esporte Clube Comercial,Comercial-MS,Campo Grande,MS,,5,4,10,7
Associação Olímpica de Itabaiana,Itabaiana,Itabaiana,SE,10/07/1938,5,4,10,7
Sociedade Esportiva Tiradentes,Tiradentes-PI,Teresina,PI,,5,4,1,0
Colorado Esporte Clube,Colorado,Curitiba,PR,29/06/1971,5,1,1,0
Esporte Clube Metropol,Metropol,Criciúma,SC,,5,0,0,0
Tuna Luso Brasileira,Tuna Luso,Belém,PA,01/01/1903,4,14,7,0
Associação Atlética Anapolina,Anapolina,Anápolis,GO,,4,13,3,4
Sociedade Esportiva e Recreativa Caxias do Sul,Caxias,Caxias do Sul,RS,,4,11,16,5
Grêmio Esportivo Brasil,Brasil de Pelotas,Pelotas,RS,07/09/1911,4,9,14,2
União São João Esporte Clube,União São João,Araras,SP,14/01/1981,4,9,3,0
Uberlândia Esporte Clube,Uberlândia,Uberlândia,MG,01/11/1922,4,6,8,3
Fluminense de Feira Futebol Clube,Fluminense de Feira,Feira de Santana,BA,01/01/1941,4,6,6,6
Clube Esportivo Operário Várzea-Grandense,Operário-MT,Várzea Grande,MT,01/05/1949,4,5,2,3
Goiânia Esporte Clube,Goiânia,Goiânia,GO,,4,4,6,1
Piauí Esporte Clube,Piauí ,Teresina,PI,15/08/1948,4,2,2,0
Esporte Clube XV de Novembro,XV de Piracicaba,Piracicaba ,SP,15/11/1913,3,12,3,1
Volta Redonda Futebol Clube,Volta Redonda,Volta Redonda,RJ,09/02/1976,3,8,14,4
Maranhão Atlético Clube,Maranhão,São Luís,MA,,3,8,4,4
Associação Desportiva Leônico,Leônico,Simões Filho,BA,03/04/1940,3,4,0,0
Villa Nova Atlético Clube,Villa Nova,Nova Lima,MG,28/06/1908,3,3,11,7
Nacional Fast Clube,Fast Clube,Manaus,AM,,3,2,0,2
Alecrim Futebol Clube,Alecrim,Natal,RN,,3,2,3,2
Sport Club São Paulo,São Paulo-RS,Rio Grande,RS,04/10/1908,3,2,0,2
Clube Esportivo Dom Bosco,Dom Bosco,Cuiabá,MT,04/01/1925,3,1,1,1
Centro Esportivo Universitário de Brasília,CEUB,Brasília,DF,,3,0,0,0
Clube Atlético Ferroviário,Ferroviário-PR,Curitiba,PR,,3,0,0,0
Fonseca Atlético Clube,Fonseca-RJ,Niterói,RJ,12/10/1917,3,0,0,0
Rabello Futebol Clube,Rabello-DF,Brasília,DF,,3,0,0,0
Central Sport Club,Central,Caruaru,PE,15/06/1919,2,18,5,11
Esporte Clube Santo André,Santo André,Santo André,SP,18/09/1967,2,9,10,2
América Futebol Clube,América de Rio Preto,São José do Rio Preto,SP,28/01/1946,2,6,7,0
Campo Grande Atlético Clube,Campo Grande,Rio de Janeiro,RJ,13/06/1940,2,5,5,0
Grêmio Barueri Futebol Ltda.,Grêmio Barueri,Barueri,SP,26/06/1989,2,4,0,1
Esporte Clube Pinheiros,Pinheiros,Curitiba,PR,,2,4,0,0
São José Esporte Clube,São José,São José dos Campos,SP,13/08/1933,2,3,2,0
Itabuna Esporte Clube,Itabuna,Itabuna,BA,,2,3,1,0
Comercial Futebol Clube,Comercial,Ribeirão Preto,SP,10/10/1911,2,2,4,0
Galícia Esporte Clube,Galícia,Salvador,BA,01/01/1933,2,1,3,1
Clube Esportivo Capelense,Capelense,Capela,AL,,2,1,2,0
Olaria Atlético Clube,Olaria,Rio de Janeiro,RJ,01/07/1915,2,0,5,0
Esporte Clube XV de Novembro,XV de Jaú,Jaú,SP,15/11/1924,2,0,1,0
Sport Clube Santa Cruz,Santa Cruz-SE,Estância,SE,,2,0,0,0
Santo Antônio Futebol Clube,Santo Antônio-ES,Vitória,ES,,2,0,0,0
CLube Atlético Juventus,Juventus,São Paulo ,SP,,1,12,7,0
Catuense Futebol S/A,Catuense,Catu,BA,,1,8,9,0
Esporte Clube Novo Hamburgo,Novo Hamburgo,Novo Hamburgo,RS,,1,8,3,3
Agremiação Sportiva Arapiraquense,ASA,Arapiraca,AL,25/09/1952,1,7,13,3
Brasiliense Futebol Clube,Brasiliense,Taguatinga,DF,,1,7,5,5
Operário Ferroviário Esporte Clube,Operário-PR,Ponta Grossa ,PR,01/05/1912,1,7,2,4
Itumbiara Esporte Clube,Itumbiara,Itumbiara,GO,09/03/1970,1,5,7,3
Taguatinga Esporte Clube,Taguatinga,Taguatinga,DF,18/02/1974,1,5,3,0
Ipatinga Futebol Clube,Ipatinga,Ipatinga,MG,,1,4,9,1
Esporte Clube Noroeste,Noroeste,Bauru,SP,01/09/1910,1,4,5,0
Esporte Clube São Berto,São Bento,Sorocaba,SP,14/09/1913,1,4,3,2
Anápolis Futebol Clube,Anápolis,Anápolis,GO,,1,3,8,2
Vitória Futebol Clube,Vitória-ES,Vitória,ES,,1,3,4,2
Associação Ferroviária de Esportes,Ferroviária,Araraquara,SP,12/04/1950,1,3,3,4
Associação Atlética Colatina,AA Colatina,Colatina,ES,,1,3,3,0
Clube de Regatas Guará,Guará,Guará,DF,09/01/1957,1,3,2,0
Sobradinho Esporte Clube,Sobradinho,Sobradinho,DF,01/01/1975,1,3,1,2
Cuiabá Esporte Clube,Cuiabá,Cuiabá,MT,12/12/2001,1,2,9,1
Esporte Clube Internacional,Inter de Santa Maria,Santa Maria,RS,,1,2,4,0
Auto Esporte Clube,Auto Esporte-PB,João Pessoa,PB,07/09/1936,1,2,3,0
J.Malucelli Futebol S/A,J.Malucelli,Curitiba,PR,,1,1,3,3
Associação Atlética Caldense,Caldense,Poços de Caldas,MG,07/09/1925,1,1,1,7
Corumbaense Futebol Clube,Corumbaense,Corumbá,MS,,1,1,1,2
Auto Esporte Clube,Auto Esporte-PI,Teresina,PI,01/05/1951,1,1,0,0
Ferroviário Esporte Clube,Ferroviário-MA,São Luís,MA,,1,1,0,0
Associação Cultural e Desportiva Potiguar,Potiguar de Mossoró,Mossoró,RN,,1,0,10,5
Associação Atlética Francana,Francana,Franca,SP,12/10/1912,1,0,5,0
América Futebol Clube,América-SE,Propriá,SE,,1,0,1,0
Clube Esportivo Rio Branco,Rio Branco-RJ,Campos dos Goytacazes,RJ,,1,0,1,0
Esporte Clube Internacional,Inter de Lages,Lages,SC,,1,0,0,4
Hercílio Luz Futebol Clube,Hercílio Luz,Tubarão,SC,22/12/1918,1,0,0,1
Esporte Clube Água Verde ,Água Verde-PR,Curitiba,PR,,1,0,0,0
América Football Club,América-CE,Fortaleza,CE,11/11/1920,1,0,0,0
Esporte Clube Comercial,Comercial-PR,Cornélio Procópio,PR,,1,0,0,0
Associação Esportiva Cruzeiro do Sul,Cruzeiro do Sul,Cruzeiro,DF,,1,0,0,0
Departamento de Força e Luz Futebol Clube,Defelê-DF,Brasília,DF,,1,0,0,0
Associação Esportiva Eletrovapo,Eletrovapo,Niterói,RJ,,1,0,0,0
Estrela do Mar Esporte Clube,Estrela do Mar-PB,João Pessoa,PB,06/05/1953,1,0,0,0
Associação Atlética Guanabara,Guanabara-DF,Brasília,DF,,1,0,0,0
Associação Desportiva Niterói,Manufatora-RJ,Niterói,RJ,11/04/1944,1,0,0,0
Olímpico Clube,Olímpico Clube,Manaus,AM,,1,0,0,0
Grêmio Esportivo Olímpico,Olímpico-SC,Blumenau,SC,,1,0,0,0
Paula Ramos Esporte Clube,Paula Ramos,Florianópolis,SC,,1,0,0,0
Sociedade Esportiva e Recreativa Perdigão,Perdigão-SC,Videira,SC,,1,0,0,0
Esporte CLube Siderúrgica,Siderúrgica,Sabará,MG,,1,0,0,0